catalog,man,bran,year
2046,Kodak Canada,Kodabromide,1958
2096,Kodak,Kodabromide,1959
2098,Kodak,Kodabromide,1956
2106,Kodak,Kodabromide,1958
2107,Kodak,Kodabromide,1959
2189,Kodak,Kodabromide,1959
224,Kodak,Kodabromide,1957
2315,Kodak,Kodabromide,1958
2317,Kodak,Kodabromide,1956
2324,Kodak,Kodabromide,1954
2325,Kodak,Kodabromide,1953
2330,Kodak,Kodabromide,1953
2331,Kodak,Kodabromide,1953
2332,Kodak,Kodabromide,1954
2333,Kodak,Kodabromide,1953
2334,Kodak,Kodabromide,1954
2336,Kodak,Kodabromide,1954
2340,Kodak,Kodabromide,1955
2341,Kodak,Kodabromide,1954
2342,Kodak,Kodabromide,1954
2344,Kodak,Kodabromide,1953
2345,Kodak,Kodabromide,1953
2346,Kodak,Kodabromide,1953
2407,Kodak,Kodabromide,1959
2408,Kodak,Kodabromide,1959
2410,Kodak,Kodabromide,1959
2613,Kodak,Kodabromide,1956
2614,Kodak,Kodabromide,1956
2615,Kodak,Kodabromide,1956
2616,Kodak,Kodabromide,1956
2617,Kodak,Kodabromide,1956
2619,Kodak,Kodabromide,1956
4902,Kodak,Kodabromide,1956